period,url,wiki_period
Colonial history of the United States,https://en.wikipedia.org/wiki/Colonial_history_of_the_United_States,Colonial history of the United States
Thirteen Colonies,https://en.wikipedia.org/wiki/Thirteen_Colonies,Thirteen Colonies
American Enlightenment,https://en.wikipedia.org/wiki/American_Enlightenment,American Enlightenment
Great Awakening,https://en.wikipedia.org/wiki/Great_Awakening,Great Awakening
Second Great Awakening,https://en.wikipedia.org/wiki/Second_Great_Awakening,Second Great Awakening
Age of Enlightenment,https://en.wikipedia.org/wiki/Age_of_Enlightenment,Age of Enlightenment
Federalist Era,https://en.wikipedia.org/wiki/Federalist_Era,Federalist Era
Jeffersonian democracy,https://en.wikipedia.org/wiki/Jeffersonian_democracy,Jeffersonian democracy
Era of Good Feelings,https://en.wikipedia.org/wiki/Era_of_Good_Feelings,Era of Good Feelings
Jacksonian democracy,https://en.wikipedia.org/wiki/Jacksonian_democracy,Jacksonian democracy
Antebellum South,https://en.wikipedia.org/wiki/Antebellum_South,Antebellum South
Manifest Destiny,https://en.wikipedia.org/wiki/Manifest_destiny,Manifest destiny
Westward expansion,https://en.wikipedia.org/wiki/Westward_expansion,Westward expansion
Old West,https://en.wikipedia.org/wiki/American_frontier,American frontier
Civil War era,https://en.wikipedia.org/wiki/American_Civil_War,American Civil War
Reconstruction era,https://en.wikipedia.org/wiki/Reconstruction_era,Reconstruction era
Nadir of American race relations,https://en.wikipedia.org/wiki/Nadir_of_American_race_relations,Nadir of American race relations
Gilded Age,https://en.wikipedia.org/wiki/Gilded_Age,Gilded Age
Progressive Era,https://en.wikipedia.org/wiki/Progressive_Era,Progressive Era
Progressive Era to New Era,https://en.wikipedia.org/wiki/Roaring_Twenties,Roaring Twenties
Roaring Twenties,https://en.wikipedia.org/wiki/Roaring_Twenties,Roaring Twenties
Prohibition in the United States,https://en.wikipedia.org/wiki/Prohibition_in_the_United_States,Prohibition in the United States
Great Depression,https://en.wikipedia.org/wiki/Great_Depression,Great Depression
New Deal,https://en.wikipedia.org/wiki/New_Deal,New Deal
Postwar era,https://en.wikipedia.org/wiki/Post%E2%80%93World_War_II_economic_expansion,Post–World War II economic expansion
Baby boom,https://en.wikipedia.org/wiki/Mid-20th_century_baby_boom,Mid-20th century baby boom
Cold War,https://en.wikipedia.org/wiki/Cold_War,Cold War
McCarthyism,https://en.wikipedia.org/wiki/McCarthyism,McCarthyism
Space Race,https://en.wikipedia.org/wiki/Space_Race,Space Race
Civil rights movement,https://en.wikipedia.org/wiki/Civil_rights_movement,Civil rights movement
Counterculture of the 1960s,https://en.wikipedia.org/wiki/Counterculture_of_the_1960s,Counterculture of the 1960s
Vietnam era,https://en.wikipedia.org/wiki/Vietnam_War,Vietnam War
Watergate era,https://en.wikipedia.org/wiki/Watergate_scandal,Watergate scandal
Reagan era,https://en.wikipedia.org/wiki/Reagan_Era,Reagan Era
Post–Cold War era,https://en.wikipedia.org/wiki/Post%E2%80%93Cold_War_era,Post–Cold War era
Dot-com bubble,https://en.wikipedia.org/wiki/Dot-com_bubble,Dot-com bubble
War on terror,https://en.wikipedia.org/wiki/War_on_terror,War on terror
Great Recession,https://en.wikipedia.org/wiki/Great_Recession,Great Recession
Second Gilded Age,https://en.wikipedia.org/wiki/Second_Gilded_Age,Second Gilded Age
